phenotype	traits	gene_id	gene	description	all_publication	pubmed_id	title	snp	observed_genotype	variation_support_paper	clinical_significance
"Regulation of eating"	"Emotional eating dependence"	4160	MC4R	"The protein encoded by this gene is a membrane-bound receptor and member of the melanocortin receptor family. The encoded protein interacts with adrenocorticotropic and MSH hormones and is mediated by G proteins. This is an intronless gene. Defects in thi"	" https://www.ncbi.nlm.nih.gov/pubmed?LinkName=gene_pubmed&from_uid=4160"	PMC7478401	"Association between MC4R rs17782313 genotype and obesity: A meta-analysis."	rs17782313	T>A/T>C	https://www.ncbi.nlm.nih.gov/snp/rs17782313#publications	https://www.ncbi.nlm.nih.gov/clinvar?term=((227796[AlleleID]))
"Regulation of eating"	"Snacking pattern"	4160	MC4R	"The protein encoded by this gene is a membrane-bound receptor and member of the melanocortin receptor family. The encoded protein interacts with adrenocorticotropic and MSH hormones and is mediated by G proteins. This is an intronless gene. Defects in thi"	https://www.ncbi.nlm.nih.gov/pubmed?LinkName=gene_pubmed&from_uid=4160	PMC4232480	"Association between MC4R rs17782313 Polymorphism and Overeating Behaviours"	rs17782313	T>A/T>C	https://www.ncbi.nlm.nih.gov/snp/rs17782313#publications	NA
"Regulation of eating"	"Satiety response"	79068	FTO	"The FTO gene is one of the genes that has been associated with obesity risk. It is believed to influence satiety and hunger and regulate energy homeostasis. Studies suggest that the FTO gene may play an important role in regulating food intake; variations"	https://www.ncbi.nlm.nih.gov/pubmed?LinkName=gene_pubmed&from_uid=79068	PMC6999843	"Association of FTO rs9939609 polymorphism with serum leptin, insulin, adiponectin, and lipid profile in overweight adults"	rs9939609	T>A	https://www.ncbi.nlm.nih.gov/snp/rs9939609#publications	NA
"Taste Perception"	"Sweet taste perception"	83756	TAS1R3	"There are differences in the sensitivity, perception, and preference for tastes. Taste sensitivity can be attributed to the threshold of activated taste cells. The sweet taste perception is primarily mediated by the TAS1R2 (taste receptor type 1 member 2)"	https://www.ncbi.nlm.nih.gov/pubmed?LinkName=gene_pubmed&from_uid=83756	PMC5733356	"Variation in the Sweet Taste Receptor Gene and Dietary Intake in a Swedish Middle-Aged Population"	rs307355	T>A/T>C	https://www.ncbi.nlm.nih.gov/snp/rs307355#publications	NA
"Taste Perception"	"Bitter taste perception"	5726	TAS2R38	"The TAS2R38 gene encodes a G protein-coupled receptor, which acts as a taste receptor, and is mediated by certain chemicals like PROP and phenylthiocarbamide; these chemicals bind to the receptor and signal taste perception. Vegetables like broccoli, cabb"	https://www.ncbi.nlm.nih.gov/pubmed?LinkName=gene_pubmed&from_uid=5726	PMC6770895	"Variation in the TAS2R38 Bitterness Receptor Gene Was Associated with Food Consumption and Obesity Risk in Koreans"	rs10246939	T>C	https://www.ncbi.nlm.nih.gov/snp/rs10246939#publications	https://www.ncbi.nlm.nih.gov/clinvar/variation/2906/
"Taste Perception"	"Fatty food preference"	948	CD36	"The CD36 gene encodes for a membrane-bound protein; CD36 is expressed in several cell types, including fat cells and muscle cells. The primary function of this protein is in the uptake of fatty acids into cells for energy generation. CD36 and FA signaling"	" https://www.ncbi.nlm.nih.gov/pubmed?LinkName=gene_pubmed&from_uid=948"	PMID:18305138	"Variants in the CD36 gene associate with the metabolic syndrome and high-density lipoprotein cholesterol "	rs3211938	T>G	https://pubmed.ncbi.nlm.nih.gov/18305138/	https://www.ncbi.nlm.nih.gov/clinvar?term=((28575[AlleleID]))
"Macronutrient Requirements"	"Response to Carbohydrates"	1636	ACE	"The ACE gene provides instructions for making the angiotensin-converting enzyme. The renin-angiotensin system (RAS) is involved in most of the pathological processes that lead to pathogenesis of diabetes. Angiotensin II (Ang II) is the major peptide of RA"	https://www.ncbi.nlm.nih.gov/pubmed?LinkName=gene_pubmed&from_uid=1636	PMC5523633	"High-Saturated-Fat Diet Increases Circulating Angiotensin-Converting Enzyme, Which Is Enhanced by the rs4343 Polymorphism Defining Persons at Risk of Nutrient-Dependent Increases of Blood Pressure."	rs4343	G>A	https://www.ncbi.nlm.nih.gov/snp/rs4343#publications	https://www.ncbi.nlm.nih.gov/clinvar?term=((256309[AlleleID]))
"Macronutrient Requirements"	"Response to Carbohydrates"	154	ADRB2	"This gene encodes beta-2-adrenergic receptor which is a member of the G protein-coupled receptor superfamily. Receptors involved in catecholamine function have a role in thermogenesis and energy balance, thus affecting obesity and glucose metabolism. Adre"	https://www.ncbi.nlm.nih.gov/pubmed?LinkName=gene_pubmed&from_uid=154	PMC6441509	"Association of ADRB2 rs1042713 with Obesity and Obesity-Related Phenotypes and Its Interaction with Dietary Fat in Modulating Glycaemic Indices in Malaysian Adults"	rs1042713	G>A/G>C	https://www.ncbi.nlm.nih.gov/snp/rs1042713#publications	https://www.ncbi.nlm.nih.gov/clinvar?term=((227753[AlleleID])OR(32781[AlleleID]))
"Macronutrient Requirements"	"Response to Carbohydrates"	6720	SREBP1C	"Sterol regulatory element binding protein-1c (SREBP1C) is a transcription factor involved in the regulation of lipid, glucose metabolism and in sterol homoeostasis in cells. SREBP1C expression is regulated by nutritional stimuli like polyunsaturated fatty"	https://www.ncbi.nlm.nih.gov/pubmed?LinkName=gene_pubmed&from_uid=6720	PMID:18692268	"Association of sterol regulatory element-binding protein-1c gene polymorphism with type 2 diabetes mellitus, insulin resistance and blood lipid levels in Chinese population"	rs2297508	C>G/C>T	https://www.ncbi.nlm.nih.gov/snp/rs2297508#publications	NA
"Macronutrient Requirements"	"Response to Carbohydrates"	5465	PPARA	"The shift between glucose storage and synthesis during fasting and feeding is essential for maintaining blood glucose levels. PPARA contributes to the adaptation of hepatic carbohydrate metabolism during the fasting-to-fed and fed-to-fasting transition. H"	https://www.ncbi.nlm.nih.gov/pubmed?LinkName=gene_pubmed&from_uid=5465	PMID:10828087	"Molecular scanning of the human PPARa gene: association of the L162v mutation with hyperapobetalipoproteinemia"	rs1800206	C>G	https://www.ncbi.nlm.nih.gov/snp/rs1800206#publications	https://www.ncbi.nlm.nih.gov/clinvar/variation/13701/
"Macronutrient Requirements"	"Response to Carbohydrates"	5468	PPARG	"PPAR (peroxisome proliferator-activated receptor) is involved in regulating the carbohydrate and lipid homeostasis, adipogenesis, fatty acid storage, and maintaining energy balance. The PPARG gene encodes a protein (PPAR-gamma) which plays a role in the r"	https://www.ncbi.nlm.nih.gov/pubmed?LinkName=gene_pubmed&from_uid=5468	PMID:9753710	"Obesity associated with a mutation in a genetic regulator of adipocyte differentiation."	rs1800571	C>A	https://www.ncbi.nlm.nih.gov/snp/rs1800571#publications	https://www.ncbi.nlm.nih.gov/clinvar?term=((23169[AlleleID]))
"Macronutrient Requirements"	"Response to Carbohydrates"	6934	TCF7L2	"The TCF7L2 gene encodes a protein that influences the secretion of a hormone (glucagon-like peptide-1) which has insulinotropic effects (stimulates insulin secretion) and plays a role in regulating blood glucose homeostasis. Carbohydrate digestion causes "	https://www.ncbi.nlm.nih.gov/pubmed?LinkName=gene_pubmed&from_uid=6934	PMID:31691451	"Association between allelic variants in the glucagon-like peptide 1 and cholecystokinin receptor genes with gastric emptying and glucose tolerance."	rs7903146	C>G/C>T	https://www.ncbi.nlm.nih.gov/pubmed/31691451	https://www.ncbi.nlm.nih.gov/snp/rs7903146#publications
"Macronutrient Requirements"	"Response to Carbohydrates"	79068	FTO	"The expression of the FTO gene in the hypothalamus is indicative of its potential role in regulating energy homeostasis by modifying the appetite. Carbohydrates influence various aspects such as body weight, appetite, and endocrinology. Carbohydrates inta"	" https://www.ncbi.nlm.nih.gov/pubmed?LinkName=gene_pubmed&from_uid=79068"	PMID:28626215	"Genetic variation in the obesity gene FTO is not associated with decreased fat oxidation: the NEO study"	rs1421085	T>C	https://pubmed.ncbi.nlm.nih.gov/28626215/	https://www.ncbi.nlm.nih.gov/clinvar/variation/217824/
"Macronutrient Requirements"	"Response to saturated fats"	7067	THRA	"The THRA gene encodes for a protein which is a nuclear hormone receptor for triiodothyronine (T3 thyroid hormone). It is shown to mediate certain activities of the thyroid hormone. Thyroid hormones, Triiodothyronine (T3) and tetraiodothyronine (T4) hormon"	" https://www.ncbi.nlm.nih.gov/pubmed?LinkName=gene_pubmed&from_uid=7067"	PMID:25670821	"Thyroid hormone resistance syndrome due to mutations in the thyroid hormone receptor α gene (THRA)"	rs137853162	G>T	https://pubmed.ncbi.nlm.nih.gov/25670821/	https://www.ncbi.nlm.nih.gov/clinvar/variation/29913/
"Macronutrient Requirements"	"Response to saturated fats"	4035	LRP1	"The LRP1 gene encodes a protein, which is involved in the formation of a mature receptor. This receptor is involved in many cellular processes including intracellular signaling, lipid homeostasis, and clearance of apoptotic cells (biochemical events leadi"	" https://www.ncbi.nlm.nih.gov/pubmed?LinkName=gene_pubmed&from_uid=4035"	PMID:26142438	"Whole exome sequencing identifies LRP1 as a pathogenic gene in autosomal recessive keratosis pilaris atrophicans "	rs483353013	A>C,G	https://pubmed.ncbi.nlm.nih.gov/26142438/	https://www.ncbi.nlm.nih.gov/clinvar/variation/132834/
"Macronutrient Requirements"	"Response to saturated fats"	197	AHSG	"The AHSG gene is involved in the regulation of body fat and insulin sensitivity. Variations in the AHSG gene has been shown to be associated with reduced plasma levels as well as lower body fat."	" https://www.ncbi.nlm.nih.gov/pubmed?LinkName=gene_pubmed&from_uid=197"	PMID:15806395	"AHSG gene variant is associated with leanness among Swedish men "	rs4917	T>C	https://pubmed.ncbi.nlm.nih.gov/15806395/	https://www.ncbi.nlm.nih.gov/clinvar?term=((31082[AlleleID]))
"Macronutrient Requirements"	"Response to saturated fats"	948	CD36	"The CD36 gene encodes for a membrane-bound protein; CD36 is expressed in several cell types, including fat cells and muscle cells. The primary function of this protein is in the uptake of fatty acids into cells for energy generation. CD36 and FA signaling"	" https://www.ncbi.nlm.nih.gov/pubmed?LinkName=gene_pubmed&from_uid=948"	PMID:18305138	"Variants in the CD36 gene associate with the metabolic syndrome and high-density lipoprotein cholesterol "	rs3211938	T>G	https://pubmed.ncbi.nlm.nih.gov/18305138/	https://www.ncbi.nlm.nih.gov/clinvar?term=((28575[AlleleID]))
"Macronutrient Requirements"	"Response to saturated fats"	3569	IL6	"The IL6 gene encodes for a protein that has a wide variety of biological functions. Following muscle contraction, it functions to increase the breakdown of fats and to improve insulin resistance."	" https://www.ncbi.nlm.nih.gov/pubmed?LinkName=gene_pubmed&from_uid=3569"	PMID:18496509	"AN IL-6 HAPLOTYPE ON HUMAN CHROMOSOME 7P21 CONFERS RISK FOR IMPAIRED RENAL FUNCTION IN TYPE 2 DIABETES"	rs1800795	C>G,T	https://pubmed.ncbi.nlm.nih.gov/18496509/	NA
"Macronutrient Requirements"	"Response to saturated fats"	5465	PPARA	"The PPARA gene plays a key role in lipid homeostasis. The activation of PPARA contributes to the clearance of triglyceride-rich lipoproteins, improves HDL cholesterol concentrations, and reduces the oxidation of LDL cholesterol, thus influencing the activ"	" https://www.ncbi.nlm.nih.gov/pubmed?LinkName=gene_pubmed&from_uid=5465"	PMID:31252163	"PPARA, PPARD and PPARG gene polymorphisms in patients with unstable angina "	rs1801282	C>G	https://pubmed.ncbi.nlm.nih.gov/31252163/	https://www.ncbi.nlm.nih.gov/clinvar?term=((135465[AlleleID]))
"Macronutrient Requirements"	"Response to saturated fats"	5468	PPARG	"This gene encodes a member of the peroxisome proliferator-activated receptor (PPAR) subfamily of nuclear receptors. The protein encoded by this gene is PPAR-gamma and is a regulator of adipocyte differentiation. PPARG regulates fatty acid storage and gluc"	https://www.ncbi.nlm.nih.gov/pubmed?LinkName=gene_pubmed&from_uid=5468	PMID:9753710	"Obesity associated with a mutation in a genetic regulator of adipocyte differentiation."	rs1800571	C>A	https://www.ncbi.nlm.nih.gov/snp/rs1800571#publications	https://www.ncbi.nlm.nih.gov/clinvar?term=((23169[AlleleID]))
"Macronutrient Requirements"	"Response to saturated fats"	6934	TCF7L2	"This gene encodes a transcription factor that influences the secretion of GLP 1 (glucagon like peptide 1) which is insulinotropic (stimulates insulin secretion) and has a role in blood glucose homeostasis. TCF7L2 is expressed in subcutaneous and visceral "	https://www.ncbi.nlm.nih.gov/pubmed?LinkName=gene_pubmed&from_uid=6934	" PMID: 17697858"	"The rs12255372(G/T) and rs7903146(C/T) polymorphisms of the TCF7L2 gene are associated with type 2 diabetes mellitus in Asian Indians"	rs12255372	G>A,T		NA
"Macronutrient Requirements"	"Response to saturated fats"	79068	FTO	"The FTO gene has strong associations with conditions such as obesity and type II diabetes. It is known to contribute to the regulation of body size and body fat accumulation, specifically, thermogenesis (heat production), and adipocyte (fat cell) differen"	" https://www.ncbi.nlm.nih.gov/pubmed?LinkName=gene_pubmed&from_uid=79068"	PMID:31996075	"Association of FTO rs9939609 polymorphism with serum leptin, insulin, adiponectin, and lipid profile in overweight adults"	rs9939609	T>A 	https://pubmed.ncbi.nlm.nih.gov/31996075/	NA
"Macronutrient Requirements"	"Response to Monosaturated fats"	338	APOB	"The APOB gene encodes for a protein, apolipoprotein B, which is the main apolipoprotein of chylomicrons and low-density lipoproteins. This protein is involved in transporting fat molecules, including cholesterol in the bloodstream."	" https://www.ncbi.nlm.nih.gov/pubmed?LinkName=gene_pubmed&from_uid=338"	PMID:32284661	"Distribution of polymorphism rs693 of ApoB gene in a sample of Colombian Caribbeans "	rs693	G>A	https://pubmed.ncbi.nlm.nih.gov/32284661/	https://www.ncbi.nlm.nih.gov/clinvar?term=((133874[AlleleID]))
"Macronutrient Requirements"	"Response to polysaturated fats"	1071	CETP	"The CETP gene encodes for a protein that is involved in the transfer of cholesteryl ester from high-density lipoprotein (HDL) to other lipoproteins. Variations in the CETP gene may influence the responses of lipids (fats) and lipoproteins to the alteratio"	" https://www.ncbi.nlm.nih.gov/pubmed?LinkName=gene_pubmed&from_uid=1071"	PMID:29632305	"New Common and Rare Variants Influencing Metabolic Syndrome and Its Individual Components in a Korean Population"	rs2303790	A>GA	https://pubmed.ncbi.nlm.nih.gov/29632305/	https://www.ncbi.nlm.nih.gov/clinvar?term=((32566[AlleleID]))
"Macronutrient Requirements"	"Response to polysaturated fats"	183	AGT	"The AGT gene encodes for a protein, angiotensinogen, which plays a role in the regulation of blood pressure and fluid balance in the body. Variations in the AGT gene have found to be associated with concentrations of total cholesterol and low-density lipo"	" https://www.ncbi.nlm.nih.gov/pubmed?LinkName=gene_pubmed&from_uid=183"	PMID:31511791	"Contribution of Four Polymorphisms in Renin-Angiotensin-Aldosterone-Related Genes to Hypertension in a Thai Population "	rs699	A>G	https://pubmed.ncbi.nlm.nih.gov/31511791/	https://www.ncbi.nlm.nih.gov/clinvar?term=((33107[AlleleID]))
"Macronutrient Requirements"	"Response to polysaturated fats"	116519	APOA5	"The APOA5 gene encodes for a protein, apolipoprotein A-5 (APOA5), which is a major component of VLDL (very low-density lipoprotein), chylomicrons, and HDL (high-density lipoprotein). APOA5 functions as an activator of a key enzyme in triglyceride cataboli"	" https://www.ncbi.nlm.nih.gov/pubmed?LinkName=gene_pubmed&from_uid=116519"	PMID:30890818	"' Association study of Apolipoprotein A5 gene (APOA5 gene) variant with the metabolic syndrome in local Pakistani population'"	rs662799	G>A,C	https://pubmed.ncbi.nlm.nih.gov/30890818/	https://www.ncbi.nlm.nih.gov/clinvar?term=((538603[AlleleID]))
"Macronutrient Requirements"	"Response to protein"	4544	MTNR1B	"This gene encodes one of two high affinity forms of a receptor for melatonin, the primary hormone secreted by the pineal gland. Given that melatonin is a hormone involved in energy balance and body weight status, this gene is implicated in body weight reg"	" https://www.ncbi.nlm.nih.gov/pubmed?LinkName=gene_pubmed&from_uid=4544"	" PMID: 24005634"	"[Involvement of melatonin MT2 receptor mutants in type 2 diabetes development]"	rs10830963	C>G,T	https://pubmed.ncbi.nlm.nih.gov/24005634/	NA
"Macronutrient Requirements"	"Response to protein"	79068	FTO	"This gene encodes for a nuclear protein of the AlkB related non-haem iron and 2-oxoglutarate-dependent oxygenase superfamily. RNA demethylase that mediates oxidative demethylation of different RNA species, such as mRNAs, tRNAs and snRNAs, and acts as a re"	" https://www.ncbi.nlm.nih.gov/pubmed?LinkName=gene_pubmed&from_uid=79068"	PMID:31996075	"Association of FTO rs9939609 polymorphism with serum leptin, insulin, adiponectin, and lipid profile in overweight adults"	rs9939609	T>A 	https://pubmed.ncbi.nlm.nih.gov/31996075/	NA
"Macronutrient Requirements"	"Response to fibre"	79068	FTO	"The FTO gene has strong associations with conditions such as obesity and type II diabetes. Studies have shown that people with certain variations in the FTO gene are found to have beneficial results with increased fiber intake; variations may also be asso"	" https://www.ncbi.nlm.nih.gov/pubmed?LinkName=gene_pubmed&from_uid=79068"	PMID:31996075	"Association of FTO rs9939609 polymorphism with serum leptin, insulin, adiponectin, and lipid profile in overweight adults"	rs9939609	T>A	https://pubmed.ncbi.nlm.nih.gov/31996075/	NA
"Weight Management and Maintenance"	"Ability to maintain the weight loss"	5468	PPARG	"PPAR (peroxisome proliferator-activated receptor) is involved in regulating the carbohydrate and lipid homeostasis, adipogenesis, fatty acid storage, and maintaining energy balance. The PPARG gene encodes a protein (PPAR-gamma) which plays a role in the r"	https://www.ncbi.nlm.nih.gov/pubmed?LinkName=gene_pubmed&from_uid=5468	PMID:9753710	"Obesity associated with a mutation in a genetic regulator of adipocyte differentiation."	rs1800571	C>A	https://www.ncbi.nlm.nih.gov/snp/rs1800571#publications	https://www.ncbi.nlm.nih.gov/clinvar?term=((23169[AlleleID]))
"Weight Management and Maintenance"	"Ability to maintain the weight loss"	79068	FTO	"The FTO gene has strong associations with conditions such as obesity and type II diabetes. Variations in the FTO gene may influence weight regain"	" https://www.ncbi.nlm.nih.gov/pubmed?LinkName=gene_pubmed&from_uid=79068"	PMID:31996075	"Association of FTO rs9939609 polymorphism with serum leptin, insulin, adiponectin, and lipid profile in overweight adults"	rs9939609	T>A	https://pubmed.ncbi.nlm.nih.gov/31996075/	NA
"Micronutrient Requirements"	"Vitamin D Metabolism"	2638	GC	"The GC gene encodes the vitamin D binding protein (DBP) that belongs to the albumin gene family. The encoded protein has multiple functions and is found in the plasma, ascitic fluid, cerebrospinal fluid, and on the surface of many cell types. The protein "	" https://www.ncbi.nlm.nih.gov/pubmed?LinkName=gene_pubmed&from_uid=2638"	" PMID: 31830090"	"Prevalence of vitamin D deficiency in women from southern Brazil and association with vitamin D-binding protein levels and GC-DBP gene polymorphisms"	rs2282679	T>G	https://pubmed.ncbi.nlm.nih.gov/31830090/	NA
"Micronutrient Requirements"	"Vitamin D Metabolism"	7421	VDR	"Vitamin D can either be acquired through dietary intake or made in the body with help from sunlight exposure. The VDR gene encodes the vitamin D receptor (VDR) protein which plays a role in the body’s response to vitamin D. It binds to calcitriol, the a"	" https://www.ncbi.nlm.nih.gov/pubmed?LinkName=gene_pubmed&from_uid=7421"	" PMID: 32407388"	"Association between the rs1544410 polymorphism in the vitamin D receptor (VDR) gene and insulin secretion after gestational diabetes mellitus"	rs1544410	C>A,G,T	https://pubmed.ncbi.nlm.nih.gov/32407388/	NA
"Micronutrient Requirements"	"Vitamin A Metabolism"	53630	BCO1	"Vitamin A metabolism is important for vital processes such as vision, embryonic development, cell differentiation, and membrane and skin protection. The protein encoded by this gene is a key enzyme in beta-carotene metabolism to vitamin A. It catalyzes th"	https://www.ncbi.nlm.nih.gov/pubmed?LinkName=gene_pubmed&from_uid=53630	"PMID: 22113863"	"'Single nucleotide polymorphisms upstream from the β-carotene 15,15''-monoxygenase gene influence provitamin A conversion efficiency in female volunteers'"	rs12934922	"A>G / A>T"	https://pubmed.ncbi.nlm.nih.gov/22113863/	NA
"Micronutrient Requirements"	"Vitamin E Metabolism"	8529	CYP4F2	"This gene encodes a member of the cytochrome P450 superfamily of enzymes. The cytochrome P450 proteins are monooxygenases which catalyze many reactions involved in drug metabolism and synthesis of cholesterol, steroids and other lipids. This protein local"	https://www.ncbi.nlm.nih.gov/pubmed?LinkName=gene_pubmed&from_uid=8529	"PMID: 22437554"	"Genome-wide association study identifies three common variants associated with serologic response to vitamin E supplementation in men"	rs2108622	"C>G / C>T"	https://pubmed.ncbi.nlm.nih.gov/22437554/	https://www.ncbi.nlm.nih.gov/clinvar?term=((227800[AlleleID]))
"Micronutrient Requirements"	"Vitamin E Metabolism"	8882	ZPR1	"The protein encoded by this gene is found in the cytoplasm of quiescent cells but translocates to the nucleolus in proliferating cells. The encoded protein interacts with survival motor neuron protein (SMN1) to enhance pre-mRNA splicing and to induce neur"	https://www.ncbi.nlm.nih.gov/pubmed?LinkName=gene_pubmed&from_uid=8882	"PMID: 31505768"	"Circulating Vitamin E Levels and Risk of Coronary Artery Disease and Myocardial Infarction: A Mendelian Randomization Study"	rs964184	G>C	https://pubmed.ncbi.nlm.nih.gov/31505768/	NA
"Micronutrient Requirements"	"Vitamin E Metabolism"	949	SCARB1	"The protein encoded by this gene is a plasma membrane receptor for high density lipoprotein cholesterol (HDL). The encoded protein mediates cholesterol transfer to and from HDL. In addition, this protein is a receptor for hepatitis C virus glycoprotein E2"	https://www.ncbi.nlm.nih.gov/pubmed?LinkName=gene_pubmed&from_uid=949	"PMID: 24623848"	"Genetic variants reflecting higher vitamin e status in men are associated with reduced risk of prostate cancer"	rs11057830	'G>A'	https://pubmed.ncbi.nlm.nih.gov/24623848/	NA
"Micronutrient Requirements"	"Vitamin B6 Metabolism"	84224	"Near NBPF3"	"This variant is located near the NBPF3 gene. Variants of the NBPF3 gene were found to be associated with the plasma concentration of pyridoxal phosphate (PLP). PLP is an active form of vitamin B6, which is involved in several enzymatic reactions."	" https://www.ncbi.nlm.nih.gov/pubmed?LinkName=gene_pubmed&from_uid=84224"	" PMID: 29688875"	"Decreased serum pyridoxal levels in schizophrenia: meta-analysis and Mendelian randomization analysis"	rs4654748	C>G,T	https://pubmed.ncbi.nlm.nih.gov/29688875/	NA
"Micronutrient Requirements"	"Vitamin B6 Metabolism"	84224	NBPF3	"The variant in this gene has been associated with decreased levels of Vitamin B6 (pyridoxine). Pyridoxine, one of the forms of Vitamin B6, strengthens the protein collagen’s regenerative ability which is much needed for rendering us flexibility and skin"	" https://www.ncbi.nlm.nih.gov/pubmed?LinkName=gene_pubmed&from_uid=84224"	" PMID: 29688875"	"Decreased serum pyridoxal levels in schizophrenia: meta-analysis and Mendelian randomization analysis"	rs4654748	C>G,T	https://pubmed.ncbi.nlm.nih.gov/29688875/	NA
"Micronutrient Requirements"	"Vitamin B9 Metabolism"	4524	MTHFR	"The MTHFR gene encodes for an enzyme (methylenetetrahydrofolate reductase) which has a role in the processing of amino acids. This enzyme is involved in the chemical reaction involving the vitamin B9 (folate). It plays a role in the conversion of a form o"	" https://www.ncbi.nlm.nih.gov/pubmed?LinkName=gene_pubmed&from_uid=4524"	PMID:28171870	"Methylene Tetrahydrofolate Reductase (MTHFR) rs868014 Polymorphism Regulated by miR-1203 Associates with Risk and Short Term Outcome of Ischemic Stroke"	rs868014	A>C,G	https://pubmed.ncbi.nlm.nih.gov/28171870/	NA
"Micronutrient Requirements"	"Vitamin B12 Metabolism"	51293	CD320	"This gene encodes the transcobalamin receptor that is expressed at the cell surface. It mediates the cellular uptake of transcobalamin bound cobalamin (vitamin B12), and is involved in B-cell proliferation and immunoglobulin secretion. Mutations in this g"	https://www.ncbi.nlm.nih.gov/pubmed?LinkName=gene_pubmed&from_uid=51293	PMID:20577008	"Transcobalamin II receptor polymorphisms are associated with increased risk for neural tube defects"	rs2336573	C>T	https://pubmed.ncbi.nlm.nih.gov/20577008/	https://www.ncbi.nlm.nih.gov/clinvar/variation/136684/
"Micronutrient Requirements"	"Vitamin B12 Metabolism"	4548	MTR	"The MTR gene provides instructions for making an enzyme called methionine synthase. This enzyme plays a role in processing amino acids, the building blocks of proteins. To function properly, methionine synthase requires methylcobalamin (a form of vitamin "	https://www.ncbi.nlm.nih.gov/pubmed?LinkName=gene_pubmed&from_uid=4548	PMID:19683694	"Genetic association study of putative functional single nucleotide polymorphisms of genes in folate metabolism and spina bifida"	rs3737965	G>A 	https://pubmed.ncbi.nlm.nih.gov/19683694/	NA
"Micronutrient Requirements"	"Vitamin B12 Metabolism"	8029	CUBN	"Vitamin B12 is not synthesized in the body and is obtained from dietary intake. The CUBN gene encodes a protein, cubilin, which is the intestinal receptor for vitamin B12 (also called cobalamin). Therefore, the CUBN gene plays a crucial role in vitamin B1"	https://www.ncbi.nlm.nih.gov/pubmed?LinkName=gene_pubmed&from_uid=8029	PMID:26959381	"Association study between genome-wide significant variants of vitamin B12 metabolism and gastric cancer in a han Chinese population"	rs1801222	A>C,G	https://pubmed.ncbi.nlm.nih.gov/26959381/	https://www.ncbi.nlm.nih.gov/clinvar/variation/299538/
"Micronutrient Requirements"	"Vitamin B12 Metabolism"	2524	FUT2	"The FUT2 gene encodes for an enzyme (galactoside 2-alpha-L-fucosyltransferase 2), which influences the synthesis of H-antigen. The H-antigen plays a role in the attachment of H. pylori bacteria to the gastric mucosa; H. pylori infection can cause decrease"	https://www.ncbi.nlm.nih.gov/gene/2524#bibliography	 PMID:29533703	"FUT2 genotype and secretory status are not associated with fecal microbial composition and inferred function in healthy subjects"	rs601338 	G>AA	https://pubmed.ncbi.nlm.nih.gov/29533703/	https://www.ncbi.nlm.nih.gov/clinvar/variation/12945/
"Micronutrient Requirements"	"Iron Metabolism"	164656	TMPRSS6	"The TMPRSS6 gene encodes a protein called matriptase-2, which influences the levels of the protein, hepcidin. Hepcidin is important for the regulation of iron balance in the body. Low levels of iron in the blood, can decrease the production of hepcidin wh"	https://www.ncbi.nlm.nih.gov/pubmed?LinkName=gene_pubmed&from_uid=164656	PMID:32422234	"Study the association of transmembrane serine protease 6 gene polymorphisms with iron deficiency status in Saudi Arabia"	rs855791 	A>G,TA	https://pubmed.ncbi.nlm.nih.gov/32422234/	https://www.ncbi.nlm.nih.gov/clinvar/variation/262725/
"Micronutrient Requirements"	"Iron Metabolism"	3077	HFE	"The HFE gene encodes for a membrane protein that binds to the transferrin receptor 1 protein. This process prevents the receptor from binding to another protein called transferrin. However, binding of transferrin receptor 1 to transferrin is required for "	https://www.ncbi.nlm.nih.gov/pubmed?LinkName=gene_pubmed&from_uid=3077	PMID:32379996	"Genotype scores in energy and iron-metabolising genes are higher in elite endurance athletes than in non-athlete controls"	rs1799945	C>G,T	https://pubmed.ncbi.nlm.nih.gov/32379996/	https://www.ncbi.nlm.nih.gov/clinvar/variation/10/
"Micronutrient Requirements"	"Antioxidant Metabolism"	2950	GSTP1	"Glutathione S-transferase P1 is an enzyme encoded by the GSTP1 gene. This enzyme plays a key role in the process of detoxification and the antioxidant system."	" https://www.ncbi.nlm.nih.gov/pubmed?LinkName=gene_pubmed&from_uid=2950"	PMID:32494361	"Association of single-nucleotide polymorphisms in antioxidant genes and their gene-gene interactions with risk of male infertility in a Chinese population"	rs1695	A>GA	https://pubmed.ncbi.nlm.nih.gov/32494361/	https://www.ncbi.nlm.nih.gov/clinvar/variation/37340/
"Micronutrient Requirements"	"Antioxidant Metabolism"	5444	PON1	"This gene encodes a member of the paraoxonase family of enzymes and exhibits lactonase and ester hydrolase activity. The HDL associated esterase/lactonase paraoxonase 1 (PON1) is implicated in contributing to the anti-inflammatory and antioxidant activiti"	" https://www.ncbi.nlm.nih.gov/pubmed?LinkName=gene_pubmed&from_uid=5444"	PMID:31762361	"A meta-analysis of the relationship between paraoxonase 1 polymorphisms and cancer"	rs854560	A>C,G,N,T	https://pubmed.ncbi.nlm.nih.gov/31762361/	https://www.ncbi.nlm.nih.gov/clinvar/variation/13736/
"Micronutrient Requirements"	"Antioxidant Metabolism"	6648	SOD2	"The SOD2 gene encodes an enzyme, manganese-dependent superoxide dismutase (MnSOD), which binds to the superoxide byproducts and helps in their conversion to hydrogen peroxide and diatomic oxygen. Superoxides are harmful to the body as they can damage DNA "	" https://www.ncbi.nlm.nih.gov/pubmed?LinkName=gene_pubmed&from_uid=6648"	PMID:17192491	"A functional polymorphism in the manganese superoxide dismutase gene and diabetic nephropathy"	rs4880	A>G	https://pubmed.ncbi.nlm.nih.gov/17192491/	
"Micronutrient Requirements"	"Antioxidant Metabolism"	847	CAT	"The CAT gene encodes an enzyme, catalase, which is a key antioxidant enzyme that plays a role in the body’s defense against oxidative stress. Catalase is involved in the conversion of hydrogen peroxide to water and oxygen which reduces the toxic effects"	" https://www.ncbi.nlm.nih.gov/pubmed?LinkName=gene_pubmed&from_uid=847"	PMID:30191955	"Association of polymorphisms in genes coding for antioxidant enzymes and human male infertility"	rs4880	A>G	https://pubmed.ncbi.nlm.nih.gov/30191955/	
"Micronutrient Requirements"	"Antioxidant Metabolism"	2876	GPX1	"The GPX1 gene encodes an enzyme (glutathione peroxidase 1 - GPX1), which is an important antioxidant enzyme in the body. Glutathione peroxidase plays a role in the breakdown of hydrogen peroxide and thereby helps to protect cells against oxidative damage."	" https://www.ncbi.nlm.nih.gov/pubmed?LinkName=gene_pubmed&from_uid=2876"	PMID:31576926	"The association between genetic polymorphism of glutathione peroxidase 1 (rs1050450) and keratoconus in a Turkish population"	rs1050450	G>A	https://pubmed.ncbi.nlm.nih.gov/31576926/	NA
"Micronutrient Requirements"	"Calcium Metabolism"	1591	CYP24A1	"CYP24A1 encodes a cytochrome P450 enzyme that hydroxylates 1,25-(OH)2D, into metabolites targeted for degradation and appears to be one of the central regulator of 1,25-(OH)2-D metabolism. CYP24A1 is highly regulated by its own substrate 1,25(OH)2-D, as w"	" https://www.ncbi.nlm.nih.gov/pubmed?LinkName=gene_pubmed&from_uid=1591"	PMID:31089432	"Hereditary Hypercalcemia Caused by a Homozygous Pathogenic Variant in the CYP24A1 Gene: A Case Report and Review of the Literature."	rs777676129	CTT>-	http://europepmc.org/article/MED/31089432	
"Micronutrient Requirements"	"Calcium Metabolism"	2625	"Near GATA3"	"GATA3 belongs to a family of zinc finger transcription factors that are involved in vertebrate embryonic development. In addition, GATA3 is also expressed in the developing parathyroids, inner ear, and kidneys. GATA3 is implicated in monogenic disorders o"	" https://www.ncbi.nlm.nih.gov/pubmed?LinkName=gene_pubmed&from_uid=2625"	PMID:18037162	"Patterns of GATA3 and IL13 gene polymorphisms associated with childhood rhinitis and atopy in a birth cohort"	rs4143094 	T>A,G	https://pubmed.ncbi.nlm.nih.gov/18037162/	NA
"Micronutrient Requirements"	"Calcium Metabolism"	160851	"Near DGKH"	"This gene encodes a member of the diacylglycerol kinase (DGK) enzyme family. Members of this family are involved in regulating intracellular concentrations of diacylglycerol and phosphatidic acid. "	" https://www.ncbi.nlm.nih.gov/pubmed?LinkName=gene_pubmed&from_uid=160851"	PMID:25081328	"Association study of DGKH gene polymorphisms with calcium oxalate stone in Chinese population"	rs4142110	T>A,C	https://pubmed.ncbi.nlm.nih.gov/25081328/	NA
"Micronutrient Requirements"	"Calcium Metabolism"	846	CASR	"The CASR gene encodes for a protein (calcium-sensing receptor - CaSR), which is abundant in the cells within the parathyroid glands and the renal tubules of kidneys. The parathyroid hormone produced by the parathyroid glands helps in increasing blood calc"	https://www.ncbi.nlm.nih.gov/pubmed?LinkName=gene_pubmed&from_uid=846	PMID:28630081	" Calcium-Sensing Receptor Genotype and Response to Cinacalcet in Patients Undergoing Hemodialysis"	rs9740	A>G	https://pubmed.ncbi.nlm.nih.gov/28630081/	NA
"Micronutrient Requirements"	"Phosphate Metabolism"	846	CASR	"The CASR gene encodes for a protein (calcium-sensing receptor - CaSR), which is abundant in the cells within the parathyroid glands and the renal tubules of kidneys. Phosphate levels depend on parathyroid hormone (PTH) level and CaSR influences PTH levels"	https://www.ncbi.nlm.nih.gov/pubmed?LinkName=gene_pubmed&from_uid=846	PMID:28630081	" Calcium-Sensing Receptor Genotype and Response to Cinacalcet in Patients Undergoing Hemodialysis"	rs9740	A>G	https://pubmed.ncbi.nlm.nih.gov/28630081/	NA
"Micronutrient Requirements"	"Magnesium Metabolism"	846	CASR	"The CASR gene encodes for a protein (calcium-sensing receptor - CaSR), which is abundant in the cells within the parathyroid glands and the renal tubules of kidneys. The CaSR protein can bind to magnesium, which can inhibit the secretion of parathyroid ho"	https://www.ncbi.nlm.nih.gov/pubmed?LinkName=gene_pubmed&from_uid=846	PMID:28630081	" Calcium-Sensing Receptor Genotype and Response to Cinacalcet in Patients Undergoing Hemodialysis"	rs9740	A>G	https://pubmed.ncbi.nlm.nih.gov/28630081/	NA
"Micronutrient Requirements"	"Vitamin K metabolism"	8529	CYP4F2	"The cytochrome P450 proteins are monooxygenases which catalyze many reactions involved in drug metabolism and synthesis of cholesterol, steroids and other lipids. CYP4F2 regulates the bioavailability of vitamin E and vitamin K, a cofactor that is critical"	" https://www.ncbi.nlm.nih.gov/pubmed?LinkName=gene_pubmed&from_uid=8529"	PMID:32327994	"A Pharmacogenetically Guided Acenocoumarol Dosing Algorithm for Chilean Patients: A Discovery Cohort Study"	rs2108622	C>G,T	https://pubmed.ncbi.nlm.nih.gov/32327994/	NA
